Business Name,Category,City,Phone,Email,Website,Has Contact Form,Contact Form URL
3Rose Service,cleaning,,(929) 322-0242,,https://www.3roseservice.com/,,
4 Horsemen Cleaning,cleaning,,(718) 704-7502,,https://www.4horsemencleaning.com/,,
A List Janitorial Supplies,cleaning,,(718) 815-8050,,http://www.alistjs.com/,,
ABM Cleaning,cleaning,,(877) 667-4725,,,,
AJD Commercial Cleaning,cleaning,,(347) 305-5736,,,,
Abco Facility Maintenance,cleaning,,(718) 816-7575,,http://abcomaintenance.com/,,
Action Cleaning & Building Services,cleaning,,(347) 682-2927,,,,
Advanced Cleaning and Maintenance Management Inc.,cleaning,,(917) 662-4315,,,,
Advantage Cleaning LLC,cleaning,,(212) 929-7872,,https://advantagecleaningllc.net/,,
Aforo Global Business,cleaning,,(646) 545-0698,,,,
Alayjiah Cleaning Services,cleaning,,(347) 383-3136,,https://alayjiahcleaningservices.com/,,
Alba Cleaning Services,cleaning,,(212) 470-5352,,https://albacleanings.com/,,
All Bright Services,cleaning,,(646) 381-2707,,http://allbrightservices.com/about-us/,,
All In One Services International,cleaning,,(718) 267-5090,,,,
Allied Cleaners Services LLC,cleaning,,(516) 590-5730,,https://www.alliedcleanersservices.com/contact,,
Allora Cleaning New York,cleaning,,(347) 228-2020,,https://nyc.alloracleaning.com/?utm_source=omg-gbp&utm_medium=webclick,,
America's Cleaning Service NYC,cleaning,,(917) 818-4438,,https://www.nycjanitorialservices.com/,,
American Cleaning Enterprises,cleaning,,(718) 843-5223,,https://www.americancleaningenterprises.com/,,
American Cleaning Solutions,cleaning,,(718) 392-8080,,https://www.cleaning-solutions.com/,,
American Janitorial Services,cleaning,,(212) 729-6037,,https://janitorialnyc.com/,,
American Janitorial Services Brooklyn,cleaning,,(917) 909-5783,,https://janitorialnyc.com/janitorial-services-brooklyn/,,
American Janitorial Services Queens,cleaning,,(917) 909-6190,,https://janitorialnyc.com/janitorial-services-queens/,,
American Maintenance 3 Janitorial Services & Supplies Co. Corporation.,cleaning,,(718) 409-0021,,https://americanmaint1807.com/,,
Amrush Commercial Cleaning,cleaning,,(718) 380-8066,,https://www.amrushnyc.com/,,
Anchor Building Maintenance,cleaning,,(718) 714-6600,,http://anchorbmc.com/,,
Angely Company Cleaning Services,cleaning,,(347) 858-8804,,,,
Anytime 24/7 Professional Cleaning Services,cleaning,,(347) 514-4032,,https://www.anytime247cleaningservice.com/,,
Apartment Cleaning Service Long Island City,cleaning,,(212) 812-9420,,https://apartmentcleaningservicelongislandcity.us/,,
Ari k Cleaning Corporation,cleaning,,(332) 264-1872,,,,
Aria Exterior Cleaning,cleaning,,(347) 292-1207,,https://ariaexteriorcleaning.com/,,
"Baly Cleaning Services, Inc.",cleaning,,(347) 972-3109,,http://www.balycleaningservices.com/,,
Benchmark Cleaning Service,cleaning,,(212) 931-9990,,http://www.benchmarkcleaning.com/,,
"BenzVac, LLC - Queens NY Duct Cleaning",cleaning,,(646) 632-1181,,https://benzvac.com/new-york,,
Blue Diamond Pressure Washing,cleaning,,(917) 891-5653,,https://bluediamondpowerwashing.com/,,
Bora Cleaning Services,cleaning,,(347) 344-1940,,https://boracleaningservices.com/,,
Braga Cleaning Solutions,cleaning,,(646) 925-5934,,,,
Breuckelen Cleaning Solutions,cleaning,,(718) 333-1181,,http://www.bkcleaning.com/,,
Bright Space Cleaning NYC Inc.,cleaning,,(718) 744-0272,,http://brightspacenyc.com/,,
Brightness Cleaning and Maintenance,cleaning,,(929) 280-6258,,https://brightnessnyccom.wordpress.com/,,
Brook-Clean,cleaning,,(347) 666-7684,,https://brook-clean.com/,,
Brooklyn Cleaning Services Inc,cleaning,,(929) 377-1090,,https://bklnclean.com/,,
Brooklyn Janitorial Commercial Cleaning Services,cleaning,,(347) 434-9802,,https://clean2clean.com/?utm_source=google&utm_medium=gmb&utm_campaign=brooklyn_janitorial_commercial_cleaning_01,,
Building Cleaning Long Island City,cleaning,,(347) 434-9935,,https://clean2clean.com/?utm_source=google&utm_medium=gmb&utm_campaign=building_cleaning_lic_13,,
Busy Bee Commercial Cleaning,cleaning,,(212) 921-2364,,https://www.bbcleaningservice.com/,,
C & D Professional Cleaning Services LLC,cleaning,,(800) 398-4450,,,,
C&M Office & Home Cleaning Service LLC,cleaning,,(718) 464-4819,,,,
CC Deep Cleaning - Commercial Janitorial Service,cleaning,,(646) 737-6766,,https://ccdeepcleaner.com/,,
CJ Professional Services Handyman Pressure washing Window & Gutter cleaning servicing Queens & LI,cleaning,,(267) 213-3012,,,,
CLEAN CLEANERS NYC LLC,cleaning,,(929) 760-5230,,http://www.cleancleanersnyc.com/,,
Care All Services,cleaning,,(718) 888-0061,,https://www.careallus.com/,,
Chief Cleaning NYC LLC,cleaning,,(347) 865-9785,,https://chiefcleaningnyc.com/,,
City Cleaning Services,cleaning,,(917) 280-2545,,,,
Clean 2 Clean,cleaning,,(347) 220-8357,,http://www.clean2clean.com/,,
Clean 2 Clean,cleaning,,(800) 743-0121,,https://clean2clean.com/,,
Clean 2 Clean,cleaning,,(347) 434-9783,,https://clean2clean.com/?utm_source=google&utm_medium=gmb&utm_campaign=post_construction_cleaning_brooklyn_06,,
Clean 365 LLC.,cleaning,,(347) 967-2130,,http://www.clean365llc.com/,,
Clean Buster NYC Corp,cleaning,,(347) 345-7545,,https://clean-buster-nyc-corp.ueniweb.com/?utm_campaign=gmb,,
Clean Connect 360 LLC,cleaning,,(646) 481-6399,,http://www.cleanconnect360.com/,,
Clean Perfect Janitorial,cleaning,,(917) 334-5980,,,,
Clean Star NY,cleaning,,(347) 992-3197,,https://cleanstar-ny.com/,,
"Clean Sweep Cleaning Company, Inc.",cleaning,,(800) 875-1955,,http://cleansweepny.com/,,
Clean Swift Maintenance Inc.,cleaning,,(718) 442-8600,,http://www.cleanswiftnyc.com/,,
CleanClean,cleaning,,(917) 415-1155,,http://cleanclean.space/,,
CleanCru,cleaning,,(516) 212-7799,,https://thecleancru.com/,,
CleanMates.City,cleaning,,,,https://www.cleanmates.city/,,
Cleanco Cleanout Service,cleaning,,(718) 323-0037,,https://www.cleancocleanoutservice.com/,,
Cleaning Chief,cleaning,,(332) 232-3422,,https://www.cleaningchief.com/?utm_source=gmb,,
Cleaning Contractors Corp,cleaning,,(212) 463-8825,,https://770cleaningcorp.net/contact-us/,,
Cleaning Expert NY,cleaning,,(347) 804-0009,,https://cleaning-expert.org/,,
Cleaning Laboratory,cleaning,,(929) 998-9112,,https://cleaninglaboratory.com/?utm_source=google-maps&utm_medium=referal,,
Cleaning Master,cleaning,,(917) 933-0899,,https://www.cleaning-master.com/,,
Cleaning Service,cleaning,,(347) 478-4486,,,,
Cleaning Service Vision Divina RM,cleaning,,(917) 889-5969,,https://www.cleaningservicevisiondivinarm.com/,,
Cleaning Services,cleaning,,(646) 257-1329,,,,
Cleaning Services For Offices Queens,cleaning,,(917) 341-2823,,http://www.clean2clean.com/,,
"Cleaning Specialists of America, Inc.",cleaning,,(917) 935-4990,,https://nycofficecleaners.com/?utm_source=gmb&utm_medium=referral,,
Cleany,cleaning,,(212) 851-6134,,https://cleany.com/,,
Cleanzilla Cleaning Nyc,cleaning,,(347) 972-8533,,https://cleanzillacleaning.com/,,
Collins Building Services,cleaning,,(212) 896-5100,,http://www.cbs-collins.com/,,
Commercial Cleaning Long Island City,cleaning,,(347) 220-8437,,https://clean2clean.com/,,
Commercial Cleaning New York,cleaning,,(212) 760-1359,,https://commercialcleaningnewyork.com/,,
Commercial Cleaning Services Elite NY,cleaning,,(917) 770-8193,,https://cleaningservicesny.com/,,
Commercial Cleaning Services Manhattan,cleaning,,(646) 980-3368,,https://clean2clean.com/?utm_source=google&utm_medium=gmb&utm_campaign=commercial_cleaning_manhattan_08,,
Commercial Janitorial Services - Hollywood Building Services,cleaning,,(718) 792-4735,,https://hollywoodbuildingservices.com/,,
Construction Final Cleaning Service NYC,cleaning,,(917) 475-0203,,https://clean2clean.com/?utm_source=google&utm_medium=gmb&utm_campaign=construction_final_cleaning_nyc_10,,
Construction Final Cleaning Service Queens,cleaning,,(347) 434-9756,,https://clean2clean.com/?utm_source=google&utm_medium=gmb&utm_campaign=construction_final_cleaning_queens_12,,
Crazy Clean Cleaning Services,cleaning,,(929) 575-4746,,https://www.crazycleanhomes.com/,,
Crystal Cleaning and Janitorial Services Corp.,cleaning,,(347) 423-3808,,,,
Crystal view cleaning,cleaning,,(917) 302-8651,,https://crystalviewcleaning.net/,,
D & D HVAC Repairs Service,cleaning,,(929) 325-0837,,http://ddhvacrepairsservice.com/,,
DLL Cleaning Services,cleaning,,(866) 955-0192,,https://www.dllcleaningservices.com/,,
Deep Clean NYC,cleaning,,(347) 799-1944,,http://deepcleannyc.com/,,
Deep Cleaning Service Forrest Hills,cleaning,,(929) 395-1125,,http://deepcleaningserviceforresthills.com/,,
Deep Cleaning Service Queens,cleaning,,(929) 209-6665,,http://deepcleaningservicequeens.com/,,
Deep Cleaning Services Staten Island,cleaning,,(929) 395-0941,,http://deepcleaningservicesstatenisland.com/,,
Direct Clean Solutions,cleaning,,(718) 371-6500,,http://directcleansolutions.com/,,
Dream Cleaning NYC,cleaning,,(929) 930-1525,,https://dreamcleaningnyc.com/,,
Dunson Cleaning Service,cleaning,,(646) 339-3788,,http://dunsoncleaning.com/,,
Elite Office Cleaning,cleaning,,(347) 533-0233,,https://eliteofficecleaningnyc.com/,,
Elite Service Group,cleaning,,(212) 213-0500,,http://www.cleanbyelite.com/,,
Empire Cleaning & Pro Services,cleaning,,(646) 320-9076,,http://www.empirecleaningandpro.com/,,
Eppsolutely Clean Maintance and Detailing Services LLC,cleaning,,(877) 400-5951,,http://www.eppsolutelyclean.com/,,
Essentially Cleaning Services Inc.,cleaning,,(929) 583-5872,,https://essentiallycleaningsvcs.com/,,
Everneat Cleaning Services in NYC,cleaning,,(347) 502-8828,,https://clean.everneat.co/,,
Extra Cleaning Service,cleaning,,(914) 512-8292,,https://extracleaningservice.com/,,
Fine Choice Cleaning Services,cleaning,,(347) 955-7308,,https://fccleaningservices.com/,,
Flockz Commercial Cleaning Service LLC,cleaning,,(800) 516-4017,,http://www.flockzcommercialcleaningservice.com/,,
Floortidy | Best Floor Cleaning Service in Queens NY,cleaning,,(917) 741-1000,,http://www.floorstidy.com/,,
Forest Hills Carpet Care Same Day,cleaning,,(917) 924-5424,,https://www.foresthillscarpetcaresameday.com/,,
Four Star General Cleaning Service,cleaning,,(347) 305-1912,,https://4starcleaning.com/?utm_source=gmb-website&utm_medium=organic&utm_campaign=gmb-website,,
Fresh Cedar Cleaning,cleaning,,(718) 213-5083,,https://freshcedarinc.com/,,
Fress | NYC Cleaning Service,cleaning,,(929) 498-5704,,http://fressclean.com/,,
G's Carpet Cleaning,cleaning,,(718) 480-1831,,http://gscleaningny.com/,,
GLORIA CLEANING,cleaning,,(828) 490-9298,,https://gloriacleaning.com/,,
GLORIA CLEANING MANHATTAN,cleaning,,(828) 490-9298,,https://gloriacleaning.com/manhattan-cleaning-service/,,
GMS Commercial Cleaning Services Corp,cleaning,,(347) 784-5200,,https://m.facebook.com/gmscommercialcleaning/?ref=bookmarks,,
GOTHAM CLEANING SERVICES,cleaning,,(646) 478-9173,,https://eco-cleaners-nyc.ueniweb.com/?utm_campaign=gmb,,
General cleaning ny,cleaning,,(929) 758-0562,,,,
GermSmart Commercial Cleaning,cleaning,,(646) 681-5426,,https://www.germsmartcommercialcleaning.com/services/commercial-cleaning/,,
Getika Solutions LLC,cleaning,,(718) 864-5641,,http://www.getikasolutions.com/,,
Gleem Commercial Cleaning Service,cleaning,,(646) 665-7009,,https://gogleem.com/?utm_source=local&utm_medium=organic&utm_campaign=gmb-nyc,,
GlowMasters Cleaning,cleaning,,(646) 760-0256,,https://glowmasterscleaningbk.com/,,
Golden Touch Commercial and Residential Cleaning Service LLC,cleaning,,(347) 678-9811,,https://goldtouchcleaning.com/,,
Good Impressions Cleaning LLC,cleaning,,(718) 841-7436,,https://statenislandcleaning.com/,,
Great Green Cleaning & Maid Service,cleaning,,,,http://greatgreencleaning.com/,,
Green Commercial Cleaning NYC LLC.,cleaning,,(646) 224-1038,,https://www.greencommercialcleaningnyc.com/,,
Green Island Cleaning Services Inc,cleaning,,(718) 635-2533,,https://greenislandcleaningservices.com/,,
Green Magic Excellent Cleaning Corporation,cleaning,,(718) 777-1900,,http://www.greenmagicnyc.com/,,
GreenEx Cleanouts®,cleaning,,(718) 888-2135,,https://greenexcleanouts.com/,,
Greencap Cleaning,cleaning,,(718) 687-4294,,https://www.greencapcleaning.com/,,
Greenland Cleaning,cleaning,,(347) 261-7144,,https://greenland-cleaning.ueniweb.com/,,
Grima's Cleaning Service Inc,cleaning,,(917) 202-7218,,https://www.grimascleaningservice.com/,,
H & L Forest Hills Handyman Services,cleaning,,(347) 354-1841,,https://www.hlforesthillshandymanservices.com/,,
Haven Cleaning Services,cleaning,,(646) 904-8874,,https://havencleaningservice.com/,,
Hippodrome Concierge,cleaning,,(718) 606-6900,,http://hippodromeconcierge.com/,,
Hoarding Cleaning Specialist,cleaning,,(844) 366-9427,,,,
Home Clean Home,cleaning,,(718) 627-5781,,https://hchinc.net/,,
HomeClean Cleaning Services Brooklyn,cleaning,,(212) 203-6095,,https://homecleaningservice.nyc/our-services/cleaning-services-brooklyn/,,
HomeClean House Cleaning Services Staten Island,cleaning,,(929) 521-6748,,https://homecleaningservice.nyc/staten-island,,
Housekeeping NY INC,cleaning,,(518) 662-8888,,https://housekeepny.com/home/,,
Housekeeping NYC,cleaning,,(929) 633-4441,,http://housekeepingnyc.com/,,
"INOUT Cleaning Services, LLC",cleaning,,(201) 676-0507,,https://inoutcleaningllc.com/?utm_campaign=gmb,,
"INOUT Cleaning Services, LLC.",cleaning,,(201) 676-0507,,https://inoutcleaningllc.com/,,
Impeccable Cleaning NYC,cleaning,,(347) 483-3992,,https://www.impeccablecleaningnyc.com/,,
J & N Sparkling Clean Services Inc,cleaning,,(929) 283-9752,,,,
JAN-PRO,cleaning,,(646) 705-0021,,https://jan-pro.com/nyc/,,
JMP Restaurant Cleaning Services,cleaning,,(347) 367-3192,,https://jmpcleaningservices.com/,,
"Jack's Custom Cleaning Services NYC - Restaurant, Office, Daily Cleaning Service, Floor Cleaner",cleaning,,(347) 378-4006,,https://www.jackscustomcleaning.com/,,
Janitorial Commercial Cleaning Services Brooklyn,cleaning,,(347) 434-9764,,https://clean2clean.com/?utm_source=google&utm_medium=gmb&utm_campaign=janitorial_commercial_cleaning_brooklyn_02,,
Janitorial Solutions NYC,cleaning,,(212) 817-4371,,https://janitorialsolutionsnyc.com/,,
Jimena's Cleaning Center,cleaning,,(347) 782-6562,,https://jimenascleaningcenter.net/,,
Juliasteam Cleaning,cleaning,,(929) 709-0907,,https://juliasteam.com/,,
Junk Cleaning Pros,cleaning,,(917) 977-0505,,https://junkcleaningpros.com/,,
Kessel Carpet Cleaning,cleaning,,(718) 701-3932,,https://www.kesselcarpetcleaning.com/,,
Kim's Maintenance Services,cleaning,,(718) 753-3666,,http://www.kimsmaintenance.com/,,
Klean N' Jiffy,cleaning,,(347) 942-6487,,http://www.kleannjiffy.com/,,
Kleanery,cleaning,,(718) 874-5555,,,,
Latina power NY,cleaning,,(347) 845-9285,,http://www.latinapowerny.com/,,
Lazy Susans Cleaning Service,cleaning,,(347) 984-9068,,https://www.lazysusanscleaning.com/,,
Long Island Hood Cleaning,cleaning,,(917) 397-2337,,https://www.newyorkhoodcleaning.net/queens-hood-cleaning.html,,
Lumy Cleaning Services LLC,cleaning,,(315) 710-4557,,http://lumycleaningservices.com/,,
Luxury Cleaning,cleaning,,(212) 537-0153,,https://luxurycleaningny.com/?utm_source=Google%20My%20Business%20URL&utm_medium=GMB%20Home%20URL&utm_campaign=GMB%20Page,,
M & M Cleaning Services | Commercial Cleaning Experts,cleaning,,(917) 330-4523,,http://www.cleaningbronx.com/,,
M&MSERVICES LLC,cleaning,,(917) 929-2190,,https://nycmmservices.com/,,
M&R CLEANING SERVICE EXPERTS LLC,cleaning,,(347) 513-3209,,https://mandrcleaningservicesexpertsll.godaddysites.com/,,
MAID 2 HIRE Commercial Cleaning Service,cleaning,,(888) 707-0630,,https://www.maid2hire.com/about-us/,,
MONARCA COMMERCIAL CLEANING SERVICES INC.,cleaning,,(646) 299-3492,,https://monarcacomercialcleaning.com/?utm_source=google&utm_medium=organic&utm_campaign=google_business_profile,,
Maid 4 NY,cleaning,,(929) 541-1063,,http://www.maidforny.com/,,
Maid Cleaning Service Upper East Side | New York,cleaning,,(929) 673-1918,,https://maidcleaningnewyork.com/,,
Maid Cleaning Service Upper West Side | New York,cleaning,,(929) 205-7589,,https://maidcleaningnewyork.com/,,
Maid Marines Cleaning Service,cleaning,,(212) 390-1629,,https://maidmarines.com/,,
Maid Service Long Island City,cleaning,,(929) 810-2008,,http://maidservicelongislandcity.com/,,
Maid Service Staten Island,cleaning,,(332) 777-7972,,http://maidservicestatenisland.com/,,
Maid Share,cleaning,,(347) 979-0146,,http://www.imaidshare.com/,,
MaidPro The Bronx,cleaning,,(914) 370-8989,,https://www.maidpro.com/bronx/?utm_source=gmb&utm_medium=organic,,
"Majik Cleaning Service, Inc.",cleaning,,(212) 545-7830,,https://www.majikservices.com/,,
Manhattan Cleaning Solutions,cleaning,,(646) 919-3361,,https://www.manhattancleaningsolutions.com/?y_source=1_MTA2ODg4ODU3NC03MTUtbG9jYXRpb24ud2Vic2l0ZQ==,,
"Margys Cleaning – Professional Cleaning Services in NY, NJ & Long Island",cleaning,,(347) 552-8680,,https://www.margyscleaning.com/,,
Martinez Cleaning Co Inc,cleaning,,(718) 429-0842,,,,
Master Clean NY Carpet and Upholstery,cleaning,,(917) 900-2273,,https://mastercleanny.com/,,
Maya Cleaning Service LLC,cleaning,,(631) 402-6003,,https://www.cleaningservicemaya.com/,,
Mister Master Cleaner,cleaning,,(929) 624-8106,,https://mister-master-cleaner.ueniweb.com/?utm_campaign=gmb,,
Move Out Cleaning Service Astoria,cleaning,,(929) 333-3474,,http://moveoutcleaningserviceastoria.com/,,
Mrs. Neat,cleaning,,(347) 426-7052,,http://www.mrsneat.design/,,
NYCleaners Brooklyn,cleaning,,(718) 646-7375,,https://www.cleaning-services-nyc.com/,,
NYCleaners Queens,cleaning,,(718) 412-0416,,https://www.cleaning-services-nyc.com/,,
Navarro Special Cleaning Services Inc.,cleaning,,(718) 441-7980,,http://navarrocleaningny.com/,,
Neighbors Cleaning Co,cleaning,,(646) 307-1638,,https://www.neighborscleaningco.com/,,
New Beginning Cleaners LLC,cleaning,,(347) 413-5177,,https://www.newbeginningcleaners.com/,,
New York Commercial Clean Team inc.,cleaning,,(631) 381-7252,,https://nyccleantinc.com/,,
Nobel Cleaning,cleaning,,(347) 913-7111,,https://www.nobelcleaning.com/,,
Noka Maintenance Service - NMS,cleaning,,(917) 488-4645,,http://www.nokamaintenance.com/,,
"NorthBrooclean, LLC",cleaning,,(727) 534-1890,,http://www.northbrooclean.com/,,
Novanna Cleaning Services,cleaning,,(718) 260-6460,,https://novannacleaning.com/,,
Office Cleaning Long Island City,cleaning,,(347) 244-7600,,https://clean2clean.com/,,
Olympic Maintenance Inc,cleaning,,(718) 389-4200,,https://www.olympiccleaning.net/,,
Oz NY Cleaning Services,cleaning,,(347) 671-3476,,,,
POC Commercial Cleaning Solutions,cleaning,,(718) 593-4220,,http://www.poccorp.net/,,
PRIME CORPORATE SOLUTIONS,cleaning,,(347) 217-6061,,https://primecorporatesolutions.com/,,
Park Slope Cleaning,cleaning,,(212) 369-0494,,https://parkslopecleaning.com/our-locations/manhattan-ny/,,
Park Slope Cleaning,cleaning,,(718) 218-4119,,https://parkslopecleaning.com/our-locations/brooklyn-ny/,,
Perfect Cleaning Janitors,cleaning,,(917) 264-5321,,http://www.perfectcleaningjanitors.com/,,
Pichardo Cleaning Services LLC,cleaning,,(646) 260-4910,,,,
Planet Maids,cleaning,,(212) 381-0499,,http://planetmaids.com/,,
Post-Construction Cleaning Queens,cleaning,,(646) 624-0654,,,,
Power Up Cleaning services LLC,cleaning,,(347) 229-0017,,https://www.powerupcleaning.com/,,
Preferred Cleaning Solutions NYC,cleaning,,(347) 487-9955,,,,
Prime Cleaning Services,cleaning,,(212) 603-9480,,https://primecleaningnyc.com/?utm_source=Organic&utm_medium=Google+Business+Profile&utm_campaign=Prime+Cleaning+Services,,
Prime Hospitality Cleaning,cleaning,,(929) 556-6446,,https://primehospitalitycleaning.com/,,
Priority Cleans,cleaning,,(718) 400-6166,,http://prioritycleans.com/,,
ProCleanings,cleaning,,(888) 906-9776,,https://procleanings.com/contact-us/,,
Professional Cleaning Of New York Inc,cleaning,,(608) 733-9200,,,,
Prospect Cleaning Company,cleaning,,(718) 282-6348,,https://prospectcleaningnyc.com/,,
Pure Touch Cleaning Services,cleaning,,(917) 618-9591,,https://www.puretouchcleaningservices.com/contact-5,,
QFS - Quality Facility Solutions,cleaning,,(718) 935-9923,,https://www.qfs.net/?utm_source=gmb,,
Queens House Cleaning Services Co,cleaning,,(718) 550-7649,,,,
ROY Cleaning Corp | Janitorial Service & Commercial Cleaning NYC,cleaning,,(347) 791-1455,,https://roycleaning.us/,,
Reload Laundry & Cleaning Services LLC,cleaning,,(718) 879-2846,,https://www.reload-laundry.com/,,
Renovapure Post Construction Cleaning Brooklyn,cleaning,,(646) 628-9539,,http://renovapure.com/brooklyn,,
ReyPalm Cleaning Handyman and Tailoring Services,cleaning,,(917) 994-4476,,https://www.reypalmcleaningservices.com/,,
Riverdale Dirtbusters Cleaning LLC,cleaning,,(718) 873-5637,,https://www.riverdaledirtbusters.com/,,
"Rockafella Cleaning Service, Inc.",cleaning,,(718) 351-2767,,,,
Royal Cleanse,cleaning,,(646) 859-1746,,https://www.royalcleanse.co/,,
S Grace Facilities,cleaning,,(646) 933-5626,,https://www.sgracefacilities.com/,,
SERVPRO of Northern Staten Island,cleaning,,(718) 750-9455,,https://www.servpro.com/locations/ny/servpro-of-northern-staten-island?utm_medium=organic&utm_source=gbp,,
SanMar Building Services LLC,cleaning,,(917) 924-5590,,https://www.sanmarbuildingservices.com/,,
Sanico USA Construction Site Management,cleaning,,(844) 726-4268,,http://sanicousa.com/,,
School & Hospital Cleaning Service Brooklyn,cleaning,,(347) 434-9743,,https://clean2clean.com/?utm_source=google&utm_medium=gmb&utm_campaign=school_hospital_cleaning_service_brooklyn_01,,
Scrub Force Commercial Cleaning NYC,cleaning,,(917) 809-7539,,https://scrubforcecleaning.com/?utm_source=gbp_listing&utm_medium=organic,,
Servco Industries Bronx,cleaning,,(718) 409-2310,,https://www.servcoind.com/,,
Service Master Professional Restoration,cleaning,,(718) 982-5121,,,,
ServiceMaster Clean,cleaning,,(718) 682-7574,,https://www.servicemasterclean.com/commercial-cleaning-by-henry/,,
Shine Up Services,cleaning,,(833) 744-6380,,https://www.shineupservices.com/,,
Shining cleaning services,cleaning,,(718) 902-1795,,,,
Sicleaning – Professional Eco-Friendly Cleaning Services in Staten Island,cleaning,,(347) 330-0242,,http://sicleaningny.com/,,
"Signature Cleaning Services, Inc.",cleaning,,(212) 502-4700,,https://www.signaturecleaningservicesinc.com/,,
Simpson commercial cleaning LLC,cleaning,,(646) 801-9314,,,,
Skyline Building Services,cleaning,,(718) 356-9500,,http://www.skylinebuildingsvcs.com/,,
Smart Cleaning,cleaning,,(404) 266-5669,,https://smartcleaningnyc.com/?came_from=google_search,,
Soul Cleaners,cleaning,,(855) 314-7788,,http://www.soulcleanersnyc.com/,,
Sparklean Janitorial Services Inc.,cleaning,,(800) 488-5845,,,,
Spotless Office Cleaning Service,cleaning,,(917) 861-0127,,,,
Stanley Steemer,cleaning,,(718) 420-6436,,https://www.stanleysteemer.com/locations/NY/Staten-Island/448,,
Staten Island Bio & Scene Cleaning Service,cleaning,,(929) 428-9824,,https://cherryishcleaningsvs.com/,,
Staten Island Wash Kings,cleaning,,(917) 397-0128,,https://www.statenislandwashkings.com/book/,,
Sterling Cleaning Services,cleaning,,(212) 803-3328,,https://www.sterlingcleaningnyc.com/?utm_source=Google+Business+Profile&utm_medium=Google+Business+Profile&utm_campaign=Google+Business+Profile,,
Stratus Clean The Bronx,cleaning,,(646) 989-1974,,https://www.stratusclean.com/locations/bronx,,
Superb Maids NYC,cleaning,,(646) 417-8343,,https://www.superbmaidsnyc.com/,,
Sánchez Top Cleaner,cleaning,,(347) 905-4890,,,,
The Cleanhandy,cleaning,,(347) 652-6165,,https://thecleanhandy.com/,,
Tidy Cleaning Contractors,cleaning,,(929) 602-7234,,https://www.tidycleaningcontractors.com/book-appointment/,,
Tidy Mc Services LLC,cleaning,,(718) 300-7853,,https://www.tidycleaning.care/,,
Todays Maid Service,cleaning,,(718) 388-6243,,http://www.todaysmaidservice.com/,,
TopClean NYC,cleaning,,(929) 316-0005,,https://www.topclean.nyc/,,
Town House Specialty Cleaning Co.,cleaning,,(212) 594-8300,,https://www.townhousecleaning.com/,,
Tristate American Cleaning Service,cleaning,,(929) 320-6117,,https://www.tsacleaners.com/,,
United Hood Cleaning NY,cleaning,,(516) 774-4262,,https://www.unitedhoodcleaning.com/?utm_campaign=gmb,,
VMS CLEANING SERVICES,cleaning,,(877) 220-8950,,http://www.vmscleaningservices.com/,,
VR Green Cleaning,cleaning,,(818) 927-5950,,https://www.vrgreencleanservices.com/new-york/forest-hills/carpet-cleaning,,
Vec Clean,cleaning,,(646) 255-2479,,https://www.vecclean.com/,,
Velora Cleaning Services Staten Island,cleaning,,(718) 887-1649,,https://veloracleaningstatenisland.com/,,
VepoClean Home Cleaning Service Manhattan NYC,cleaning,,(646) 661-1707,,https://www.vepoclean.com/manhattan-nyc-cleaning-service/?utm_source=GMB,,
Vip Cleaning Company,cleaning,,(866) 253-2660,,https://www.vipcleaningcompany.com/,,
Vue Service,cleaning,,(718) 887-0750,,http://www.vueservice.com/,,
We Clean It Now,cleaning,,(646) 919-3438,,https://wecleanitnow.com/,,
Wow Clean NYC Cleaning Service,cleaning,,(516) 758-2898,,https://wowcleannyc.com/,,
XO Cleaning,cleaning,,(347) 741-8840,,https://xocleaning.io/,,
XiX Maintenance,cleaning,,(212) 931-0949,,http://xixmaintenance.com/,,
commercial zone cleaning service,cleaning,,(917) 645-5243,,,,
eMaids Cleaning Service of NYC,cleaning,,(347) 714-8731,,https://emaidsinc.com/new-york-city/?utm_source=gbp&utm_medium=organic&utm_campaign=gbp,,
eMaster Cleaning,cleaning,,(917) 251-1001,,https://emasterclean.wixsite.com/info,,
888XTERMINATE II LLC,pest_control,BROOKLYN,(347) 709-7074,888xterminate@gmail.com,https://888xterminate.jobbersites.com/,,
888XTERMINATE II LLC,pest_control,BROOKLYN,(347) 709-7074,888xterminate@gmail.com,https://888xterminate.jobbersites.com/,,
888XTERMINATE II LLC,pest_control,BROOKLYN,(347) 709-7074,888xterminate@gmail.com,https://888xterminate.jobbersites.com/,,
A & E SAFEWAY SYSTEMS PEST CONTROL INC,pest_control,BRONX,(718) 220-1410,,http://www.aesafeway.com/,,
A & E SAFEWAY SYSTEMS PEST CONTROL INC,pest_control,BRONX,(718) 220-1410,,http://www.aesafeway.com/,,
A INTERSTATE PEST CONTROL CORP,pest_control,NEW YORK,(360) 515-3882,,https://www.interstatepest.com/?utm_source=google&utm_medium=local&utm_campaign=gmb_kelso,,
A-1 HOWIES EXTERMINATING COMPANY INC,pest_control,FAR ROCKAWAY,(516) 406-4661,khhkalem@aol.com,https://www.a1howiesexterminatingli.com/,,
A-EXPERT EXTERMINATION & TERMITE CONTROL CO INC,pest_control,BROOKLYN,(718) 339-4707,customerservice@aexpertext.com,http://www.aexpertexterminators.com/,,
A-EXPERT EXTERMINATION & TERMITE CONTROL CO INC,pest_control,BROOKLYN,(718) 339-4707,customerservice@aexpertext.com,http://www.aexpertexterminators.com/,,
A-EXPERT EXTERMINATION & TERMITE CONTROL CO INC,pest_control,BROOKLYN,(718) 339-4707,customerservice@aexpertext.com,http://www.aexpertexterminators.com/,,
A-LIMINATE PEST CONTROL SERVICE CO INC,pest_control,OZONE PARK,(718) 738-3747,aliminate@aol.com,http://www.aliminatepestcontrol.com/,,
A-LIMINATE PEST CONTROL SERVICE CO INC,pest_control,OZONE PARK,(718) 738-3747,aliminate@aol.com,http://www.aliminatepestcontrol.com/,,
A-LIMINATE PEST CONTROL SERVICE CO INC,pest_control,OZONE PARK,(718) 738-3747,aliminate@aol.com,http://www.aliminatepestcontrol.com/,,
ABLE BEST PEST CONTROL INC,pest_control,BROOKLYN,(718) 284-7378,bestexterminating@aol.com,http://bestatpestnyc.com/,,
ABLE BEST PEST CONTROL INC,pest_control,BROOKLYN,(718) 284-7378,bestexterminating@aol.com,http://bestatpestnyc.com/,,
ABOVE AND BEYOND PEST MANAGEMENT INC,pest_control,ROCKAWAY PARK,(973) 259-5884,contact@aboveandbeyondpest.com,https://www.aboveandbeyondpest.com/,,
ABOVE AND BEYOND PEST MANAGEMENT INC,pest_control,ROCKAWAY PARK,(973) 259-5884,contact@aboveandbeyondpest.com,https://www.aboveandbeyondpest.com/,,
ABOVE AND BEYOND PEST MANAGEMENT INC,pest_control,ROCKAWAY PARK,(973) 259-5884,contact@aboveandbeyondpest.com,https://www.aboveandbeyondpest.com/,,
ACE BEDBUG EXTERMINATING LLC,pest_control,NEW YORK,(347) 378-7070,info@acebedbugexterminating.com,https://acebedbugexterminating.com/,,
ACME EXTERMINATING CORPORATION,pest_control,NEW YORK,(212) 594-9230,,https://acmeexterminating.com/,Yes,https://acmeexterminating.com/contact
ACME EXTERMINATING CORPORATION,pest_control,NEW YORK,(212) 594-9230,,https://acmeexterminating.com/,Yes,https://acmeexterminating.com/contact
ADDISON PEST CONTROL LLC,pest_control,NEW YORK,(980) 728-5464,help@addisonpestcontrol.com,https://www.addisonpestcontrol.com/,,
ADDISON PEST CONTROL LLC,pest_control,NEW YORK,(980) 728-5464,help@addisonpestcontrol.com,https://www.addisonpestcontrol.com/,,
ADVANCE PEST CONTROL SERVICES INC,pest_control,JAMAICA,(718) 527-5183,lindellspence@gmail.com,http://advancepestsolutions.com/,,
ADVANCE PEST CONTROL SERVICES INC,pest_control,JAMAICA,(718) 527-5183,lindellspence@gmail.com,http://advancepestsolutions.com/,,
ADVANCE PEST CONTROL SERVICES INC,pest_control,JAMAICA,(718) 527-5183,lindellspence@gmail.com,http://advancepestsolutions.com/,,
ADVANCED PEST MANAGEMENT SERVICES INC,pest_control,GLENDALE,(718) 865-3176,,https://advancedexterminating.com/service-areas/pest-control-queens-ny/?utm_campaign=gbp-glendale&utm_medium=organic&utm_source=google,Yes,https://advancedexterminating.com/service-areas/pest-control-queens-ny/?utm_campaign=gbp-glendale&utm_medium=organic&utm_source=google
ADVANCED PEST MANAGEMENT SERVICES INC,pest_control,GLENDALE,(718) 865-3176,,https://advancedexterminating.com/service-areas/pest-control-queens-ny/?utm_campaign=gbp-glendale&utm_medium=organic&utm_source=google,Yes,https://advancedexterminating.com/service-areas/pest-control-queens-ny/?utm_campaign=gbp-glendale&utm_medium=organic&utm_source=google
ADVANCED PEST MANAGEMENT SERVICES INC,pest_control,GLENDALE,(718) 865-3176,,https://advancedexterminating.com/service-areas/pest-control-queens-ny/?utm_campaign=gbp-glendale&utm_medium=organic&utm_source=google,Yes,https://advancedexterminating.com/service-areas/pest-control-queens-ny/?utm_campaign=gbp-glendale&utm_medium=organic&utm_source=google
AFEDERAL EXTERMINATING LTD,pest_control,BROOKLYN,(718) 259-8799,info@afederalexterminating.com,http://www.afederalexterminating.com/,,
AFEDERAL EXTERMINATING LTD,pest_control,BROOKLYN,(718) 259-8799,info@afederalexterminating.com,http://www.afederalexterminating.com/,,
AFEDERAL EXTERMINATING LTD,pest_control,BROOKLYN,(718) 259-8799,info@afederalexterminating.com,http://www.afederalexterminating.com/,,
ALLIANCE PEST MANAGEMENT INC,pest_control,STATEN ISLAND,(732) 747-3200,,https://www.alliancepestservices.com/?utm_source=google&utm_medium=organic&utm_campaign=local-seo&utm_term=tinton-falls-website,Yes,https://www.alliancepestservices.com/?utm_source=google&utm_medium=organic&utm_campaign=local-seo&utm_term=tinton-falls-website
ALLIANCE PEST MANAGEMENT INC,pest_control,STATEN ISLAND,(732) 747-3200,,https://www.alliancepestservices.com/?utm_source=google&utm_medium=organic&utm_campaign=local-seo&utm_term=tinton-falls-website,Yes,https://www.alliancepestservices.com/?utm_source=google&utm_medium=organic&utm_campaign=local-seo&utm_term=tinton-falls-website
ALLIANCE PEST MANAGEMENT INC,pest_control,STATEN ISLAND,(732) 747-3200,,https://www.alliancepestservices.com/?utm_source=google&utm_medium=organic&utm_campaign=local-seo&utm_term=tinton-falls-website,Yes,https://www.alliancepestservices.com/?utm_source=google&utm_medium=organic&utm_campaign=local-seo&utm_term=tinton-falls-website
ALPHA PEST MANAGEMENT INC,pest_control,WHITESTONE,(718) 721-7378,info@alphapestny.com,http://www.alphapestny.com/,,
ALPHA PEST MANAGEMENT INC,pest_control,WHITESTONE,(718) 721-7378,info@alphapestny.com,http://www.alphapestny.com/,,
ALPHA PEST MANAGEMENT INC,pest_control,WHITESTONE,(718) 721-7378,info@alphapestny.com,http://www.alphapestny.com/,,
ALPHA PEST MANAGEMENT INC,pest_control,WHITESTONE,(718) 721-7378,info@alphapestny.com,http://www.alphapestny.com/,,
ALPHA PEST MANAGEMENT INC,pest_control,WHITESTONE,(718) 721-7378,info@alphapestny.com,http://www.alphapestny.com/,,
AMERICAN EMPIRE PEST CONTROL INC,pest_control,NEW YORK,(917) 939-9300,help@empireexterminatorsnyc.com,https://empireexterminatorsnyc.com/,,
AMERICAN EMPIRE PEST CONTROL INC,pest_control,NEW YORK,(917) 939-9300,help@empireexterminatorsnyc.com,https://empireexterminatorsnyc.com/,,
APEX PEST CONTROL INC,pest_control,NEW YORK,(212) 714-0848,apex@apexpest.net,http://www.apexpest.net/,,
APEX PEST CONTROL INC,pest_control,NEW YORK,(212) 714-0848,apex@apexpest.net,http://www.apexpest.net/,,
APEX PEST CONTROL INC,pest_control,NEW YORK,(212) 714-0848,apex@apexpest.net,http://www.apexpest.net/,,
ASHLEY PRATT,pest_control,BROOKLYN,(718) 636-3600,,https://www.pratt.edu/,,
ASHLEY PRATT,pest_control,BROOKLYN,(718) 636-3600,,https://www.pratt.edu/,,
AT LAST PEST CONTROL INC,pest_control,BRONX,(718) 635-2067,,https://www.atlastpestcontrol.com/bronx-pest-control/,,
AT LAST PEST CONTROL INC,pest_control,BRONX,(718) 635-2067,,https://www.atlastpestcontrol.com/bronx-pest-control/,,
AT LAST PEST CONTROL INC,pest_control,BRONX,(718) 635-2067,,https://www.atlastpestcontrol.com/bronx-pest-control/,,
ATTACK EXTERMINATING COMPANY LLC,pest_control,BROOKLYN,(800) 974-8920,info@attackexterminating.com,http://www.attackexterminating.com/,,
ATTACK EXTERMINATING COMPANY LLC,pest_control,BROOKLYN,(800) 974-8920,info@attackexterminating.com,http://www.attackexterminating.com/,,
B-GONE PEST CONTROL INC,pest_control,BROOKLYN,(929) 322-3915,,http://pestbgone.com/,,
B-GONE PEST CONTROL INC,pest_control,BROOKLYN,(929) 322-3915,,http://pestbgone.com/,,
B-GONE PEST CONTROL INC,pest_control,BROOKLYN,(929) 322-3915,,http://pestbgone.com/,,
BAKER L LOVELACE,pest_control,NEW YORK,(347) 808-7000,hello@labaker.com,https://www.labaker.com/,,
BAKER L LOVELACE,pest_control,NEW YORK,(347) 808-7000,hello@labaker.com,https://www.labaker.com/,,
BAKER L LOVELACE,pest_control,NEW YORK,(347) 808-7000,hello@labaker.com,https://www.labaker.com/,,
BEACH PEST CONTROL SERVICE INC,pest_control,BROOKLYN,(843) 945-2824,,https://www.beachpestservice.com/service-area/sc/pest-control-myrtle-beach?utm_source=gbp&utm_medium=organic&utm_campaign=gbp-myrtlebeach,Yes,https://www.beachpestservice.com/service-area/sc/pest-control-myrtle-beach?utm_source=gbp&utm_medium=organic&utm_campaign=gbp-myrtlebeach
BEACH PEST CONTROL SERVICE INC,pest_control,BROOKLYN,(843) 945-2824,,https://www.beachpestservice.com/service-area/sc/pest-control-myrtle-beach?utm_source=gbp&utm_medium=organic&utm_campaign=gbp-myrtlebeach,Yes,https://www.beachpestservice.com/service-area/sc/pest-control-myrtle-beach?utm_source=gbp&utm_medium=organic&utm_campaign=gbp-myrtlebeach
BEACH PEST CONTROL SERVICE INC,pest_control,BROOKLYN,(843) 945-2824,,https://www.beachpestservice.com/service-area/sc/pest-control-myrtle-beach?utm_source=gbp&utm_medium=organic&utm_campaign=gbp-myrtlebeach,Yes,https://www.beachpestservice.com/service-area/sc/pest-control-myrtle-beach?utm_source=gbp&utm_medium=organic&utm_campaign=gbp-myrtlebeach
BEST AT PEST EXTERMINATING CORP,pest_control,STATEN ISLAND,(718) 284-7378,bestexterminating@aol.com,http://bestatpestnyc.com/,,
BEST AT PEST EXTERMINATING CORP,pest_control,STATEN ISLAND,(718) 284-7378,bestexterminating@aol.com,http://bestatpestnyc.com/,,
BEST AT PEST EXTERMINATING CORP,pest_control,STATEN ISLAND,(718) 284-7378,bestexterminating@aol.com,http://bestatpestnyc.com/,,
BEST BED BUG HEATING LLC,pest_control,NEW YORK,(929) 732-6936,info@bestbedbugheating.com,http://www.bestbedbugheating.com/,,
BIG APPLE PEST CONTROL INC,pest_control,BROOKLYN,(718) 925-4747,contact@bigapplepest.com,http://www.bigapplepest.com/,,
BIG APPLE PEST CONTROL INC,pest_control,BROOKLYN,(718) 925-4747,contact@bigapplepest.com,http://www.bigapplepest.com/,,
BILL'S PEST CONTROL LLC,pest_control,BROOKLYN,(602) 308-4510,,https://billstermiteco.com/,,
BILL'S PEST CONTROL LLC,pest_control,BROOKLYN,(602) 308-4510,,https://billstermiteco.com/,,
BIOMONDE LLC,pest_control,BROOKLYN,(718) 219-2845,,http://biomondegreen.com/,,
BOUNDARY EXTERMINARE CORP,pest_control,FOREST HILLS,(516) 586-6130,boundaryexterminare@yahoo.com,https://www.boundaryexterminare.com/,,
BOUNDARY EXTERMINARE CORP,pest_control,FOREST HILLS,(516) 586-6130,boundaryexterminare@yahoo.com,https://www.boundaryexterminare.com/,,
BOUNDARY EXTERMINARE CORP,pest_control,FOREST HILLS,(516) 586-6130,boundaryexterminare@yahoo.com,https://www.boundaryexterminare.com/,,
BROADWAY PEST SERVICES CO INC,pest_control,NEW YORK,(212) 897-9689,,https://www.broadwayexterminating.com/?utm_campaign=gmb&utm_medium=click&utm_source=gmb,,
BROADWAY PEST SERVICES CO INC,pest_control,NEW YORK,(212) 897-9689,,https://www.broadwayexterminating.com/?utm_campaign=gmb&utm_medium=click&utm_source=gmb,,
BROADWAY PEST SERVICES CO INC,pest_control,NEW YORK,(212) 897-9689,,https://www.broadwayexterminating.com/?utm_campaign=gmb&utm_medium=click&utm_source=gmb,,
BUBBLE PESTS LLC,pest_control,BROOKLYN,(347) 559-6503,bubblepests@gmail.com,http://bubblepests.com/?utm_source=google&utm_medium=wix_google_business_profile&utm_campaign=2477030881071623560,,
BUBBLE PESTS LLC,pest_control,BROOKLYN,(347) 559-6503,bubblepests@gmail.com,http://bubblepests.com/?utm_source=google&utm_medium=wix_google_business_profile&utm_campaign=2477030881071623560,,
BUG BUSTER ENTOMOLOGICAL SERVICES INC,pest_control,CORONA,(845) 782-7027,pj@thebugbustersllc.com,https://www.thebugbustersllc.com/,,
BUG TECHS PEST CONTROL CO INC,pest_control,RICHMOND HILL,(718) 206-0696,bugtechs@hotmail.com,http://bugtechs.com/,,
BUG TECHS PEST CONTROL CO INC,pest_control,RICHMOND HILL,(718) 206-0696,bugtechs@hotmail.com,http://bugtechs.com/,,
BUG TECHS PEST CONTROL CO INC,pest_control,RICHMOND HILL,(718) 206-0696,bugtechs@hotmail.com,http://bugtechs.com/,,
BUSTABUG PEST CONTROL INC,pest_control,STATEN ISLAND,(973) 721-9197,,https://www.callbustabug.com/,,
BUSTABUG PEST CONTROL INC,pest_control,STATEN ISLAND,(973) 721-9197,,https://www.callbustabug.com/,,
BUSTABUG PEST CONTROL INC,pest_control,STATEN ISLAND,(973) 721-9197,,https://www.callbustabug.com/,,
CAREFUL EXTERMINATING CO INC,pest_control,BRONX,,,https://www.carefulexterminating.net,,
"CENTRAL PARK CONSERVANCY, INC.",pest_control,NEW YORK,(212) 310-6600,wcommittee@centralparknyc.org,http://www.centralparknyc.org/,,
"CENTRAL PARK CONSERVANCY, INC.",pest_control,NEW YORK,(212) 310-6600,wcommittee@centralparknyc.org,http://www.centralparknyc.org/,,
CENTRAL PEST CONTROL LLC,pest_control,BROOKLYN,(718) 837-9741,,https://centralpestnyc.com/,,
CENTRAL PEST CONTROL LLC,pest_control,BROOKLYN,(718) 837-9741,,https://centralpestnyc.com/,,
CENTRAL PEST CONTROL LLC,pest_control,BROOKLYN,(718) 837-9741,,https://centralpestnyc.com/,,
CHARLES L EDWARDS,pest_control,BROOKLYN,020 7736 8490,enquiries@charlesedwards.com,http://www.charlesedwards.com/,,
CITI TERMITE CONTROL INC,pest_control,JAMAICA,(718) 845-5294,,http://www.cititermitecontrol.com/,,
CITI TERMITE CONTROL INC,pest_control,JAMAICA,(718) 845-5294,,http://www.cititermitecontrol.com/,,
CITI TERMITE CONTROL INC,pest_control,JAMAICA,(718) 845-5294,,http://www.cititermitecontrol.com/,,
CITY SKYLINE PEST CONTROL LLC,pest_control,STATEN ISLAND,(646) 373-2319,cityskylineny@aol.com,http://cityskylinepestcontrol.com/,,
CITY SKYLINE PEST CONTROL LLC,pest_control,STATEN ISLAND,(646) 373-2319,cityskylineny@aol.com,http://cityskylinepestcontrol.com/,,
CITY SKYLINE PEST CONTROL LLC,pest_control,STATEN ISLAND,(646) 373-2319,cityskylineny@aol.com,http://cityskylinepestcontrol.com/,,
COLONY PEST MANAGEMENT INC,pest_control,BROOKLYN,(718) 856-1400,,http://www.colonypestnyc.com/,,
COLONY PEST MANAGEMENT INC,pest_control,BROOKLYN,(718) 856-1400,,http://www.colonypestnyc.com/,,
COLONY PEST MANAGEMENT INC,pest_control,BROOKLYN,(718) 856-1400,,http://www.colonypestnyc.com/,,
COMPLETE BED BUG EXTERMINATING NYC LLC,pest_control,BRONX,(917) 421-6324,,http://completebedbugexterminatingnyc.com/,,
CRITTER CRUSHERS INC,pest_control,MASPETH,(717) 424-6897,crittercrushers@yahoo.com,http://www.crittercrushers.net/,,
CRITTER CRUSHERS INC,pest_control,MASPETH,(717) 424-6897,crittercrushers@yahoo.com,http://www.crittercrushers.net/,,
CRITTER CRUSHERS INC,pest_control,MASPETH,(717) 424-6897,crittercrushers@yahoo.com,http://www.crittercrushers.net/,,
CUISION UNITED PEST CONTROL INC,pest_control,OAKLAND GARDENS,(347) 517-7413,,https://www.unitedpests.com/,,
CUISION UNITED PEST CONTROL INC,pest_control,OAKLAND GARDENS,(347) 517-7413,,https://www.unitedpests.com/,,
DANIELLES HOME SERVICES INC,pest_control,STATEN ISLAND,(914) 664-3161,,http://dianasangelshomecareinc.com/,,
DANIELLES HOME SERVICES INC,pest_control,STATEN ISLAND,(914) 664-3161,,http://dianasangelshomecareinc.com/,,
DECO PEST CONTROL LLC,pest_control,BROOKLYN,(718) 236-3620,jennifer@decopestcontrol.com,http://www.decopestcontrol.com/contact-us.html,,
DECO PEST CONTROL LLC,pest_control,BROOKLYN,(718) 236-3620,jennifer@decopestcontrol.com,http://www.decopestcontrol.com/contact-us.html,,
DECO PEST CONTROL LLC,pest_control,BROOKLYN,(718) 236-3620,jennifer@decopestcontrol.com,http://www.decopestcontrol.com/contact-us.html,,
DIAMOND PEST CONTROL INC,pest_control,MIDDLE VILLAGE,(718) 427-6200,info@diamondpluspestcontrolinc.com,http://diamondpluspestcontrolinc.com/,,
DIAMOND PEST CONTROL INC,pest_control,MIDDLE VILLAGE,(718) 427-6200,info@diamondpluspestcontrolinc.com,http://diamondpluspestcontrolinc.com/,,
DIAMOND PLUS PEST CONTROL INC,pest_control,STATEN ISLAND,(718) 427-6200,info@diamondpluspestcontrolinc.com,http://diamondpluspestcontrolinc.com/,,
DIAMOND PLUS PEST CONTROL INC,pest_control,STATEN ISLAND,(718) 427-6200,info@diamondpluspestcontrolinc.com,http://diamondpluspestcontrolinc.com/,,
DIAMOND PLUS PEST CONTROL INC,pest_control,STATEN ISLAND,(718) 427-6200,info@diamondpluspestcontrolinc.com,http://diamondpluspestcontrolinc.com/,,
DIEHARD EXTERMINATING INC,pest_control,STATEN ISLAND,(718) 491-4188,info@diehardexterm.com,https://diehardexterm.com/contact-us/,,
DIEHARD EXTERMINATING INC,pest_control,STATEN ISLAND,(718) 491-4188,info@diehardexterm.com,https://diehardexterm.com/contact-us/,,
DIEHARD EXTERMINATING INC,pest_control,STATEN ISLAND,(718) 491-4188,info@diehardexterm.com,https://diehardexterm.com/contact-us/,,
DR BUGGZ PEST CONTROL LLC,pest_control,BROOKLYN,(929) 292-2024,drbuggzinfo@gmail.com,https://drbuggz.com/,,
DR BUGGZ PEST CONTROL LLC,pest_control,BROOKLYN,(929) 292-2024,drbuggzinfo@gmail.com,https://drbuggz.com/,,
DR BUGGZ PEST CONTROL LLC,pest_control,BROOKLYN,(929) 292-2024,drbuggzinfo@gmail.com,https://drbuggz.com/,,
EASY PEST CONTROL CORP,pest_control,BROOKLYN,(718) 942-5994,,https://resteasypestcontrol.com/brooklyn,,
EASY PEST CONTROL CORP,pest_control,BROOKLYN,(718) 942-5994,,https://resteasypestcontrol.com/brooklyn,,
ECO WIDE PEST CONTROL INC,pest_control,BAYSIDE,(718) 905-0505,ecowidepest24@gmail.com,http://www.ecowidepest.com/,,
ECO WIDE PEST CONTROL INC,pest_control,BAYSIDE,(718) 905-0505,ecowidepest24@gmail.com,http://www.ecowidepest.com/,,
ECO WIDE PEST CONTROL INC,pest_control,BAYSIDE,(718) 905-0505,ecowidepest24@gmail.com,http://www.ecowidepest.com/,,
ECOLOGY EXTERMINATING SERVICE CORP,pest_control,BROOKLYN,(718) 972-1040,,https://ecologyexterminating.com/?utm_source=google&utm_medium=organic&utm_campaign=gmb_weblink,Yes,https://ecologyexterminating.com/?utm_source=google&utm_medium=organic&utm_campaign=gmb_weblink
ECOLOGY EXTERMINATING SERVICE CORP,pest_control,BROOKLYN,(718) 972-1040,,https://ecologyexterminating.com/?utm_source=google&utm_medium=organic&utm_campaign=gmb_weblink,Yes,https://ecologyexterminating.com/?utm_source=google&utm_medium=organic&utm_campaign=gmb_weblink
ECOLOGY EXTERMINATING SERVICE CORP,pest_control,BROOKLYN,(718) 972-1040,,https://ecologyexterminating.com/?utm_source=google&utm_medium=organic&utm_campaign=gmb_weblink,Yes,https://ecologyexterminating.com/?utm_source=google&utm_medium=organic&utm_campaign=gmb_weblink
ECOWISE PEST CONTROL INC,pest_control,BROOKLYN,(212) 756-9996,info@ecowisepestnyc.com,https://www.ecowisepestnyc.com/,,
ECOWISE PEST CONTROL INC,pest_control,BROOKLYN,(212) 756-9996,info@ecowisepestnyc.com,https://www.ecowisepestnyc.com/,,
ECOWISE PEST CONTROL INC,pest_control,BROOKLYN,(212) 756-9996,info@ecowisepestnyc.com,https://www.ecowisepestnyc.com/,,
EDEN ENVIRONMENTAL INC,pest_control,STATEN ISLAND,(704) 249-7044,,http://unitedenvironmentalservice.com/,,
EDEN ENVIRONMENTAL INC,pest_control,STATEN ISLAND,(704) 249-7044,mustafoevlaziz3@gmail.com,http://unitedenvironmentalservice.com/,,
ELITE EXTERMINATING LLC,pest_control,FAR ROCKAWAY,(332) 281-7959,,https://elitepestcontrolmanhattan.com/,,
ELITE EXTERMINATING LLC,pest_control,FAR ROCKAWAY,(332) 281-7959,,https://elitepestcontrolmanhattan.com/,,
EMPIRE EXTERMINATING LLC,pest_control,BRONX,(888) 983-7668,info@empireexterminating.com,https://www.empireexterminating.com/,,
EMPIRE EXTERMINATING LLC,pest_control,BRONX,(888) 983-7668,,https://www.empireexterminating.com/,Yes,https://www.empireexterminating.com
EMPIRE EXTERMINATING LLC,pest_control,BRONX,(888) 983-7668,,https://www.empireexterminating.com/,Yes,https://www.empireexterminating.com
EMPIRE PEST CONTROL 1 LLC,pest_control,BROOKLYN,(718) 237-0989,,https://www.empirepestcontrol.com/,Yes,https://www.empirepestcontrol.com
EMPIRE PEST CONTROL 1 LLC,pest_control,BROOKLYN,(718) 237-0989,,https://www.empirepestcontrol.com/,Yes,https://www.empirepestcontrol.com
EMPIRE PEST CONTROL 1 LLC,pest_control,BROOKLYN,(718) 237-0989,,https://www.empirepestcontrol.com/,Yes,https://www.empirepestcontrol.com
ERUDITE SOLUTIONS LLC,pest_control,LAURELTON,(443) 631-0851,contact@eruditetechsolutions.com,https://www.eruditetechsolutions.com/contact,,
ERUDITE SOLUTIONS LLC,pest_control,LAURELTON,(443) 631-0851,contact@eruditetechsolutions.com,https://www.eruditetechsolutions.com/contact,,
EXPERT EXTERMINATING INC,pest_control,BROOKLYN,(212) 203-3089,info@expertexterminating.com,https://expertexterminating.com/,,
EXPERT EXTERMINATING INC,pest_control,BROOKLYN,(212) 203-3089,info@expertexterminating.com,https://expertexterminating.com/,,
EXPERT EXTERMINATING INC,pest_control,BROOKLYN,(212) 203-3089,info@expertexterminating.com,https://expertexterminating.com/,,
EXTERM-A-PEST INC,pest_control,BROOKLYN,(718) 339-4707,customerservice@aexpertext.com,http://www.aexpertexterminators.com/,,
EXTERM-A-PEST INC,pest_control,BROOKLYN,(718) 339-4707,customerservice@aexpertext.com,http://www.aexpertexterminators.com/,,
EXTERM-A-PEST INC,pest_control,BROOKLYN,(718) 339-4707,customerservice@aexpertext.com,http://www.aexpertexterminators.com/,,
EXTERMINATING EVERYTHING INC,pest_control,BROOKLYN,(347) 379-8669,exterminatingeverything@gmail.com,https://exterminatingeverything.com/,,
EXTERMINATING EVERYTHING INC,pest_control,BROOKLYN,(347) 379-8669,exterminatingeverything@gmail.com,https://exterminatingeverything.com/,,
EZEKIAL PEST CONTROL INC,pest_control,SAINT ALBANS,(347) 501-3439,,https://www.ezekialpestcontrol.com/contact,,
EZEKIAL PEST CONTROL INC,pest_control,SAINT ALBANS,(347) 501-3439,,https://www.ezekialpestcontrol.com/contact,,
EZEKIAL PEST CONTROL INC,pest_control,SAINT ALBANS,(347) 501-3439,,https://www.ezekialpestcontrol.com/contact,,
FEDCAP REHABILITATION SERVICES INC,pest_control,NEW YORK,(212) 233-4593,,https://www.fedcap.org/,Yes,https://www.fedcap.org/contact
FIRST PEST CONTROL CORP,pest_control,BAYSIDE,(917) 994-2800,,http://www.safetyfirstpestcontrol.com/,Yes,http://www.safetyfirstpestcontrol.com
FIRST PEST CONTROL CORP,pest_control,BAYSIDE,(917) 994-2800,,http://www.safetyfirstpestcontrol.com/,Yes,http://www.safetyfirstpestcontrol.com
FIVE BOROUGHS PEST CONTROL INC,pest_control,BRONX,(888) 204-3201,fiveboroughpestcontrol@yahoo.com,https://fiveboroughpest.com/,,
FIVE BOROUGHS PEST CONTROL INC,pest_control,BRONX,(888) 204-3201,fiveboroughpestcontrol@yahoo.com,https://fiveboroughpest.com/,,
FIVE STAR PEST CONTROL INC,pest_control,BROOKLYN,(718) 253-5771,info@fivestarpestcontrol.com,http://www.fivestarpestcontrol.com/,,
FIVE STAR PEST CONTROL INC,pest_control,BROOKLYN,(718) 253-5771,info@fivestarpestcontrol.com,http://www.fivestarpestcontrol.com/,,
FIVE STAR PEST CONTROL INC,pest_control,BROOKLYN,(718) 253-5771,info@fivestarpestcontrol.com,http://www.fivestarpestcontrol.com/,,
FLASH EXTERMINATING INC,pest_control,BROOKLYN,(347) 748-8023,,http://www.flashexterminating.net/,,
FLASH EXTERMINATING INC,pest_control,BROOKLYN,(347) 748-8023,,http://www.flashexterminating.net/,,
FLASH EXTERMINATING INC,pest_control,BROOKLYN,(347) 748-8023,,http://www.flashexterminating.net/,,
FRANK'S EXTERMINATING CO INC,pest_control,MIDDLE VILLAGE,(650) 863-5107,impallari@gmail.com,http://www.frankpestcontrol.com/,,
FRANK'S EXTERMINATING CO INC,pest_control,MIDDLE VILLAGE,(650) 863-5107,impallari@gmail.com,http://www.frankpestcontrol.com/,,
FRESH TOUCH PEST MANAGEMENT LLC,pest_control,JAMAICA,(347) 444-2480,,http://freshtouchpestmanagement.com/,,
FUMIGADOR LATINO CORP,pest_control,REGO PARK,(646) 463-1462,,http://www.fumigadorlatino.com/,,
FUMIGADOR LATINO CORP,pest_control,REGO PARK,(646) 463-1462,,http://www.fumigadorlatino.com/,,
FUMIGADOR LATINO CORP,pest_control,REGO PARK,(646) 463-1462,,http://www.fumigadorlatino.com/,,
GEORGE TORRES,pest_control,BRONX,(718) 503-9610,,https://ritchietorres.house.gov/,Yes,https://ritchietorres.house.gov/contact
GEORGE TORRES,pest_control,BRONX,(718) 503-9610,,https://ritchietorres.house.gov/,Yes,https://ritchietorres.house.gov/contact
GEORGE TORRES,pest_control,BRONX,(718) 503-9610,,https://ritchietorres.house.gov/,,
GREEN GUARDIAN PEST CONTROL INC,pest_control,BROOKLYN,(917) 587-5627,,http://nygreeneco.com/,Yes,http://nygreeneco.com
GREEN GUARDIAN PEST CONTROL INC,pest_control,BROOKLYN,(917) 587-5627,,http://nygreeneco.com/,Yes,http://nygreeneco.com
GREEN TEAM PEST MANAGEMENT INC,pest_control,SOUTH OZONE PARK,(347) 625-8743,,https://greenpest.nyc/contact-us,,
GREEN TEAM PEST MANAGEMENT INC,pest_control,SOUTH OZONE PARK,(347) 625-8743,,https://greenpest.nyc/contact-us,,
GREEN TEAM PEST MANAGEMENT INC,pest_control,SOUTH OZONE PARK,(347) 625-8743,,https://greenpest.nyc/contact-us,,
GREEN ZONE PEST SERVICES INC,pest_control,FLUSHING,(03) 9555 7876,info@greenzonebarrier.com,https://www.greenzonebarrier.com/,,
GREEN ZONE PEST SERVICES INC,pest_control,FLUSHING,(03) 9555 7876,info@greenzonebarrier.com,https://www.greenzonebarrier.com/,,
GREEN ZONE PEST SERVICES INC,pest_control,FLUSHING,(03) 9555 7876,info@greenzonebarrier.com,https://www.greenzonebarrier.com/,,
HIGH TECH EXTERMINATORS INC,pest_control,BROOKLYN,(718) 450-4138,info@hitechnyc.com,https://hitechnyc.com/?utm_source=business&utm_medium=organic&utm_campaign=website,,
HIGH TECH EXTERMINATORS INC,pest_control,BROOKLYN,(718) 450-4138,info@hitechnyc.com,https://hitechnyc.com/?utm_source=business&utm_medium=organic&utm_campaign=website,,
HILEVEL PEST SERVICES CORP,pest_control,BRONX,(718) 676-7333,info@hilevelpestservices.com,http://www.hilevelpestservices.com/,,
HILEVEL PEST SERVICES CORP,pest_control,BRONX,(718) 676-7333,info@hilevelpestservices.com,http://www.hilevelpestservices.com/,,
HILEVEL PEST SERVICES CORP,pest_control,BRONX,(718) 676-7333,info@hilevelpestservices.com,http://www.hilevelpestservices.com/,,
HOMERUN PEST CONTROL CORP,pest_control,JACKSON HEIGHTS,(972) 800-6354,info@homerunpest.com,https://homerunpest.com/pest-control-wylie-texas/?utm_source=GBP&utm_medium=organic,,
HOMERUN PEST CONTROL CORP,pest_control,JACKSON HEIGHTS,(972) 800-6354,info@homerunpest.com,https://homerunpest.com/pest-control-wylie-texas/?utm_source=GBP&utm_medium=organic,,
HORIZON PEST MANAGEMENT INC,pest_control,BROOKLYN,(718) 338-1447,info@horizonpest.com,http://www.horizonpest.com/aboutus.html,,
HORIZON PEST MANAGEMENT INC,pest_control,BROOKLYN,(718) 338-1447,info@horizonpest.com,http://www.horizonpest.com/aboutus.html,,
HORIZON PEST MANAGEMENT INC,pest_control,BROOKLYN,(718) 338-1447,info@horizonpest.com,http://www.horizonpest.com/aboutus.html,,
INDEPENDENT PEST ELIMINATION INC,pest_control,RICHMOND HILL,(212) 945-0868,info@pesteliminationsystems.com,http://www.pesteliminationsystems.com/about-us/our-team/,,
INDEPENDENT PEST ELIMINATION INC,pest_control,RICHMOND HILL,(212) 945-0868,info@pesteliminationsystems.com,http://www.pesteliminationsystems.com/about-us/our-team/,,
INTER-COUNTY EXTERMINATORS INC,pest_control,ROSEDALE,(718) 723-2072,intercountyexterminators@gmail.com,http://www.intercountyexterminators.com/,,
INTER-COUNTY EXTERMINATORS INC,pest_control,ROSEDALE,(718) 723-2072,intercountyexterminators@gmail.com,http://www.intercountyexterminators.com/,,
INTER-COUNTY EXTERMINATORS INC,pest_control,ROSEDALE,(718) 723-2072,intercountyexterminators@gmail.com,http://www.intercountyexterminators.com/,,
JMJ RELIABLE SERVICES INC,pest_control,BROOKLYN,(929) 743-2492,info@reliableservicenyc.com,http://reliableservicenyc.com/,,
JMJ RELIABLE SERVICES INC,pest_control,BROOKLYN,(929) 743-2492,info@reliableservicenyc.com,http://reliableservicenyc.com/,,
JMJ RELIABLE SERVICES INC,pest_control,BROOKLYN,(929) 743-2492,info@reliableservicenyc.com,http://reliableservicenyc.com/,,
JOHN J MCCANN EXTERMINATING CO INC,pest_control,FLUSHING,(718) 359-6454,mccannexterminating@aol.com,http://www.mccannexterminating.com/,,
JOHN J MCCANN EXTERMINATING CO INC,pest_control,FLUSHING,(718) 359-6454,mccannexterminating@aol.com,http://www.mccannexterminating.com/,,
JOHN J MCCANN EXTERMINATING CO INC,pest_control,FLUSHING,(718) 359-6454,mccannexterminating@aol.com,http://www.mccannexterminating.com/,,
KINGSWAY EXTERMINATING CO INC,pest_control,BROOKLYN,(718) 859-8448,service@kingswayexterminating.com,http://kingswayexterminating.com/?utm_source=google&utm_medium=gmb&utm_campaign=seo,,
KINGSWAY EXTERMINATING CO INC,pest_control,BROOKLYN,(718) 859-8448,service@kingswayexterminating.com,http://kingswayexterminating.com/?utm_source=google&utm_medium=gmb&utm_campaign=seo,,
KINGSWAY EXTERMINATING CO INC,pest_control,BROOKLYN,(718) 859-8448,service@kingswayexterminating.com,http://kingswayexterminating.com/?utm_source=google&utm_medium=gmb&utm_campaign=seo,,
KOCH PEST CONTROL LLC,pest_control,LONG ISLAND CITY,(917) 324-4756,kochpcs@gmail.com,http://www.kochpcs.com/,,
KOCH PEST CONTROL LLC,pest_control,LONG ISLAND CITY,(917) 324-4756,kochpcs@gmail.com,http://www.kochpcs.com/,,
KRAUS MAINTENANCE INC,pest_control,LONG ISLAND CITY,(718) 274-5000,,http://www.krausinc.com/,,
KRAUS MAINTENANCE INC,pest_control,LONG ISLAND CITY,(718) 274-5000,,http://www.krausinc.com/,,
KRAUS MAINTENANCE INC,pest_control,LONG ISLAND CITY,(718) 274-5000,,http://www.krausinc.com/,,
LEON BROWN,pest_control,BRONX,(718) 294-1650,mail@csbrownco.com,http://www.csbrownco.com/,,
LIBERTY CONSULTING SERVICES LTD,pest_control,BROOKLYN,(646) 705-0064,,https://www.libertyconsultingandmanagement.com/,Yes,https://www.libertyconsultingandmanagement.com
LIBERTY CONSULTING SERVICES LTD,pest_control,BROOKLYN,(646) 705-0064,,https://www.libertyconsultingandmanagement.com/,Yes,https://www.libertyconsultingandmanagement.com
LIBERTY CONSULTING SERVICES LTD,pest_control,BROOKLYN,(646) 705-0064,,https://www.libertyconsultingandmanagement.com/,Yes,https://www.libertyconsultingandmanagement.com
LONG ISLAND BEDBUG INSPECTIONS LLC,pest_control,BROOKLYN,(516) 619-6149,longislandbedbuginspections@gmail.com,https://longislandbedbuginspections.com/,,
LUCAS PEST MANAGEMENT INC,pest_control,WHITESTONE,(440) 564-9849,lucaspest@yahoo.com,http://www.thebugguylucas.com/,,
LUCAS PEST MANAGEMENT INC,pest_control,WHITESTONE,(440) 564-9849,lucaspest@yahoo.com,http://www.thebugguylucas.com/,,
LUCAS PEST MANAGEMENT INC,pest_control,WHITESTONE,(440) 564-9849,lucaspest@yahoo.com,http://www.thebugguylucas.com/,,
LUMERIC SOLUTIONS LLC,pest_control,NEW YORK,(646) 237-6967,info@lumericconsulting.com,http://www.lumericconsulting.com/,,
MATADOR SYSTEMS INC,pest_control,NEW YORK,(310) 774-0082,wrc@matadorsolutions.net,https://matadorsolutions.net/,,
MATADOR SYSTEMS INC,pest_control,NEW YORK,(310) 774-0082,wrc@matadorsolutions.net,https://matadorsolutions.net/,,
MATADOR SYSTEMS INC,pest_control,NEW YORK,(310) 774-0082,wrc@matadorsolutions.net,https://matadorsolutions.net/,,
MAX IMPACT PEST CONTROL INC,pest_control,NEW YORK,(718) 838-4113,,https://www.impactpestnyc.com/,,
MAX IMPACT PEST CONTROL INC,pest_control,NEW YORK,(718) 838-4113,,https://www.impactpestnyc.com/,,
MAYBREN ENVIRONMENTAL INC,pest_control,BRONX,(212) 569-3111,,https://urbanenvironmental.com/?utm_source=gmb&utm_medium=organic&utm_campaign=gmb-new-york,Yes,https://urbanenvironmental.com/?utm_source=gmb&utm_medium=organic&utm_campaign=gmb-new-york
MAYBREN ENVIRONMENTAL INC,pest_control,BRONX,(212) 569-3111,,https://urbanenvironmental.com/?utm_source=gmb&utm_medium=organic&utm_campaign=gmb-new-york,Yes,https://urbanenvironmental.com/?utm_source=gmb&utm_medium=organic&utm_campaign=gmb-new-york
METRO PEST CONTROL INC,pest_control,GLENDALE,(718) 717-4177,metropolitanpestservice@gmail.com,https://metropolitanpestservices.com/,,
METRO PEST CONTROL INC,pest_control,GLENDALE,(718) 717-4177,metropolitanpestservice@gmail.com,https://metropolitanpestservices.com/,,
METRO PEST CONTROL INC,pest_control,GLENDALE,(718) 717-4177,metropolitanpestservice@gmail.com,https://metropolitanpestservices.com/,,
METRO PEST MANAGEMENT SOLUTIONS LLC,pest_control,BROOKLYN,(718) 717-4177,metropolitanpestservice@gmail.com,https://metropolitanpestservices.com/,,
METROPOLITAN PEST SERVICES INC,pest_control,STATEN ISLAND,(718) 717-4177,metropolitanpestservice@gmail.com,https://metropolitanpestservices.com/,,
METROPOLITAN PEST SERVICES INC,pest_control,STATEN ISLAND,(718) 717-4177,metropolitanpestservice@gmail.com,https://metropolitanpestservices.com/,,
METROPOLITAN PEST SERVICES INC,pest_control,STATEN ISLAND,(718) 717-4177,metropolitanpestservice@gmail.com,https://metropolitanpestservices.com/,,
MOVING RIGHT ALONG SERVICE INC,pest_control,OZONE PARK,(718) 738-2468,wemoveyou@movingrightalong.com,http://movingrightalong.com/,,
NATURE PLUS PEST CONTROL INC,pest_control,STATEN ISLAND,(718) 427-6200,info@diamondpluspestcontrolinc.com,http://diamondpluspestcontrolinc.com/,,
NATURE PLUS PEST CONTROL INC,pest_control,STATEN ISLAND,(718) 427-6200,info@diamondpluspestcontrolinc.com,http://diamondpluspestcontrolinc.com/,,
NATURE PLUS PEST CONTROL INC,pest_control,STATEN ISLAND,(718) 427-6200,info@diamondpluspestcontrolinc.com,http://diamondpluspestcontrolinc.com/,,
NO SURVIVORS PEST CONTROL CO INC,pest_control,BROOKLYN,(929) 281-9297,,http://nosurvivorspestcontrol.com/,,
NO SURVIVORS PEST CONTROL CO INC,pest_control,BROOKLYN,(929) 281-9297,,http://nosurvivorspestcontrol.com/,,
NO SURVIVORS PEST CONTROL CO INC,pest_control,BROOKLYN,(929) 281-9297,,http://nosurvivorspestcontrol.com/,,
NY BUG BUSTERS LLC,pest_control,OZONE PARK,(845) 782-7027,pj@thebugbustersllc.com,https://www.thebugbustersllc.com/,,
NY CHANG CORP,pest_control,FLUSHING,(917) 657-5198,,https://junechangnyc.com/,Yes,https://junechangnyc.com
ONE HOUR PEST CONTROL LLC,pest_control,NEW YORK,(646) 302-8159,info@onehourpestcontrolllc.com,https://onehourpestcontrolllc.com/,,
ONE HOUR PEST CONTROL LLC,pest_control,NEW YORK,(646) 302-8159,info@onehourpestcontrolllc.com,https://onehourpestcontrolllc.com/,,
ONE HOUR PEST CONTROL LLC,pest_control,NEW YORK,(646) 302-8159,info@onehourpestcontrolllc.com,https://onehourpestcontrolllc.com/,,
ONE HOUR PEST CONTROL LLC,pest_control,NEW YORK,(646) 302-8159,info@onehourpestcontrolllc.com,https://onehourpestcontrolllc.com/,,
ONGUARD PEST CONTROL INC,pest_control,BROOKLYN,(347) 349-4786,info@onguardpest.com,http://www.onguardpest.com/,,
ONGUARD PEST CONTROL INC,pest_control,BROOKLYN,(347) 349-4786,info@onguardpest.com,http://www.onguardpest.com/,,
ONGUARD PEST CONTROL INC,pest_control,BROOKLYN,(347) 349-4786,info@onguardpest.com,http://www.onguardpest.com/,,
OPTIMUM TERMITE & PEST CONTROL INC,pest_control,WHITESTONE,(516) 550-0091,info@optimumpestcontrol.com,https://www.optimumpestcontrol.com/?utm_source=gmb&utm_medium=organic&utm_campaign=local,,
OPTIMUM TERMITE & PEST CONTROL INC,pest_control,WHITESTONE,(516) 550-0091,info@optimumpestcontrol.com,https://www.optimumpestcontrol.com/?utm_source=gmb&utm_medium=organic&utm_campaign=local,,
OPTIMUM TERMITE & PEST CONTROL INC,pest_control,WHITESTONE,(516) 550-0091,info@optimumpestcontrol.com,https://www.optimumpestcontrol.com/?utm_source=gmb&utm_medium=organic&utm_campaign=local,,
ORKIN LLC,pest_control,ASTORIA,(929) 261-4242,branch315@orkin.com,https://www.orkin.com/locations/new-york-ny/astoria-pest-control/branch-315?utm_source=local&utm_medium=local&utm_campaign=LCL0078,,
ORKIN LLC,pest_control,ASTORIA,(929) 261-4242,branch315@orkin.com,https://www.orkin.com/locations/new-york-ny/astoria-pest-control/branch-315?utm_source=local&utm_medium=local&utm_campaign=LCL0078,,
ORKIN LLC,pest_control,ASTORIA,(929) 261-4242,branch315@orkin.com,https://www.orkin.com/locations/new-york-ny/astoria-pest-control/branch-315?utm_source=local&utm_medium=local&utm_campaign=LCL0078,,
OUTSECT INC,pest_control,LONG ISLAND CITY,,,https://outsect-inc.hub.biz,,
OZANE PEST MANAGEMENT INC,pest_control,BROOKLYN,(718) 382-0913,ozanepmp@gmail.com,http://ozanepest.com/,,
OZANE PEST MANAGEMENT INC,pest_control,BROOKLYN,(718) 382-0913,ozanepmp@gmail.com,http://ozanepest.com/,,
OZANE PEST MANAGEMENT INC,pest_control,BROOKLYN,(718) 382-0913,ozanepmp@gmail.com,http://ozanepest.com/,,
PATHWAY PEST CONTROL INC,pest_control,REGO PARK,(718) 565-5332,pathwaypestcontrol1@gmail.com,https://pathwaypestcontrolinc.com/commercial/,,
PATHWAY PEST CONTROL INC,pest_control,REGO PARK,(718) 565-5332,pathwaypestcontrol1@gmail.com,https://pathwaypestcontrolinc.com/commercial/,,
PATRICK HARRIS,pest_control,BROOKLYN,(763) 424-3500,,https://www.srharrisfabric.com/,Yes,https://www.srharrisfabric.com/contact
PATRICK HARRIS,pest_control,BROOKLYN,(763) 424-3500,,https://www.srharrisfabric.com/,Yes,https://www.srharrisfabric.com/contact
PERFECT PEST CONTROL INC,pest_control,BROOKLYN,(718) 855-5558,info@perfect-pest.com,https://perfect-pest.com/,,
PERFORMANCE UNLIMITED 2 OF NY LLC,pest_control,STATEN ISLAND,(321) 430-2465,proformance.unlimited@gmail.com,http://www.proformanceunlimited.com/,,
PEST AND BEYOND EXTERMINATING INC,pest_control,BROOKLYN,(646) 663-5550,info@aboveandbeyondbedbugremoval.com,https://www.aboveandbeyondbedbugremoval.com/,,
PEST AND BEYOND EXTERMINATING INC,pest_control,BROOKLYN,(646) 663-5550,info@aboveandbeyondbedbugremoval.com,https://www.aboveandbeyondbedbugremoval.com/,,
PEST AT REST LLC,pest_control,BROOKLYN,(718) 416-4914,,http://www.pestatrest.com/,,
PEST AT REST LLC,pest_control,BROOKLYN,(718) 416-4914,,http://www.pestatrest.com/,,
PEST AT REST LLC,pest_control,BROOKLYN,(718) 416-4914,,http://www.pestatrest.com/,,
PEST AT REST LLC,pest_control,BROOKLYN,(718) 416-4914,,http://www.pestatrest.com/,,
PEST ELIMINATION SYSTEMS TECHNOLOGY INC,pest_control,STATEN ISLAND,(212) 945-0868,info@pesteliminationsystems.com,http://www.pesteliminationsystems.com/about-us/our-team/,,
PEST ELIMINATION SYSTEMS TECHNOLOGY INC,pest_control,STATEN ISLAND,(212) 945-0868,info@pesteliminationsystems.com,http://www.pesteliminationsystems.com/about-us/our-team/,,
PEST ELIMINATION SYSTEMS TECHNOLOGY INC,pest_control,STATEN ISLAND,(212) 945-0868,info@pesteliminationsystems.com,http://www.pesteliminationsystems.com/about-us/our-team/,,
PEST IN PEACE PEST CONTROL CORP,pest_control,WHITESTONE,(306) 716-9088,pest-in-peace@outlook.com,https://www.pestinpeace.ca/,,
PEST PATROL EXTERMINATING RB INC,pest_control,FAR ROCKAWAY,(718) 945-6517,pestpatrolexterminating@yahoo.com,http://www.pestpatrolexterminating.com/,,
PEST PATROL EXTERMINATING RB INC,pest_control,FAR ROCKAWAY,(718) 945-6517,pestpatrolexterminating@yahoo.com,http://www.pestpatrolexterminating.com/,,
PEST PATROL EXTERMINATING RB INC,pest_control,FAR ROCKAWAY,(718) 945-6517,pestpatrolexterminating@yahoo.com,http://www.pestpatrolexterminating.com/,,
PESTOFF EXTERMINATING INC,pest_control,BROOKLYN,(347) 314-1701,info@mysite.com,https://www.pestoffexterminating.net/,,
PESTOFF EXTERMINATING INC,pest_control,BROOKLYN,(347) 314-1701,info@mysite.com,https://www.pestoffexterminating.net/,,
PESTS BEE GONE LLC,pest_control,STATEN ISLAND,(347) 869-6259,pestsbegonellc@gmail.com,http://pestsbegonellc.com/,,
PINPOINT EXTERMINATING INC,pest_control,BROOKLYN,(760) 966-1100,,https://www.pinpointpestcontrol.com/?utm_source=GBPlisting&utm_medium=organic&utm_campaign=vista,Yes,https://www.pinpointpestcontrol.com/?utm_source=GBPlisting&utm_medium=organic&utm_campaign=vista
POST EXTERMINATING CO INC,pest_control,STATEN ISLAND,(718) 447-1234,info@postexterminating.com,http://www.postexterminating.com/,,
POST EXTERMINATING CO INC,pest_control,STATEN ISLAND,(718) 447-1234,info@postexterminating.com,http://www.postexterminating.com/,,
POST EXTERMINATING CO INC,pest_control,STATEN ISLAND,(718) 447-1234,info@postexterminating.com,http://www.postexterminating.com/,,
POWER GUARD PEST CONTROL INC,pest_control,BROOKLYN,(347) 349-4786,info@onguardpest.com,http://www.onguardpest.com/,,
POWER GUARD PEST CONTROL INC,pest_control,BROOKLYN,(347) 349-4786,info@onguardpest.com,http://www.onguardpest.com/,,
PRECISE PEST CONTROL INC,pest_control,BROOKLYN,(866) 971-2847,,http://www.precisepestcontrolnj.com/,,
PRECISE PEST CONTROL INC,pest_control,BROOKLYN,(866) 971-2847,,http://www.precisepestcontrolnj.com/,,
PRESTIGE EXTERMINATING CO LLC,pest_control,BRONX,(585) 206-7727,,https://www.prestige-pest-solutions.com/,,
PRESTIGE EXTERMINATING CO LLC,pest_control,BRONX,(585) 206-7727,,https://www.prestige-pest-solutions.com/,,
PRIDE PEST CONTROL CO INC,pest_control,FLUSHING,(718) 762-7378,,https://www.pridepestcontrolnyc.com/,Yes,https://www.pridepestcontrolnyc.com/contact
PRIDE PEST CONTROL CO INC,pest_control,FLUSHING,(718) 762-7378,,https://www.pridepestcontrolnyc.com/,Yes,https://www.pridepestcontrolnyc.com/contact
PRIDE PEST CONTROL CO INC,pest_control,FLUSHING,(718) 762-7378,,https://www.pridepestcontrolnyc.com/,Yes,https://www.pridepestcontrolnyc.com/contact
PRIME EXCLUSION LLC,pest_control,BRONX,(914) 543-2334,,https://primebronxpestcontrol.com/,,
PRIME EXTERMINATING LLC,pest_control,BROOKLYN,(332) 316-5717,,http://primenewyorkexterminator.com/,,
PRIVATE EXTERMINATING INC,pest_control,OZONE PARK,(917) 300-0821,,https://www.privateexterminating.net/about_us.html,,
PRIVATE EXTERMINATING INC,pest_control,OZONE PARK,(917) 300-0821,,https://www.privateexterminating.net/about_us.html,,
PRIVATE EXTERMINATING INC,pest_control,OZONE PARK,(917) 300-0821,,https://www.privateexterminating.net/about_us.html,,
PRO-TECH ENVIRONMENTAL PEST SOLUTIONS INC,pest_control,WOODHAVEN,(609) 698-3424,,http://protechtpc.com/,,
PRO-TECH ENVIRONMENTAL PEST SOLUTIONS INC,pest_control,WOODHAVEN,(609) 698-3424,,http://protechtpc.com/,,
PURE ENVIRONMENTAL INC,pest_control,BROOKLYN,(718) 815-8954,,http://purenvo.com/contact-us/,,
PUT THEM TO REST EXTERMINATING LLC,pest_control,ROSEDALE,(718) 416-4914,,http://www.pestatrest.com/,,
PUT THEM TO REST EXTERMINATING LLC,pest_control,ROSEDALE,(718) 416-4914,,http://www.pestatrest.com/,,
QUALITY TERMITE AND PEST CONTROL INC,pest_control,SOUTH RICHMOND HILL,(954) 842-9411,quality@qualitytermite.net,https://qualitypestinc.com/,,
QUALITY TERMITE AND PEST CONTROL INC,pest_control,SOUTH RICHMOND HILL,(954) 842-9411,quality@qualitytermite.net,https://qualitypestinc.com/,,
QUALITY TERMITE AND PEST CONTROL INC,pest_control,SOUTH RICHMOND HILL,(954) 842-9411,quality@qualitytermite.net,https://qualitypestinc.com/,,
RAPID PEST CONTROL SERVICES INC,pest_control,STATEN ISLAND,(201) 529-0688,,https://rapidexterminator.com/locations/jersey-city-nj.html,,
RAPID PEST CONTROL SERVICES INC,pest_control,STATEN ISLAND,(201) 529-0688,,https://rapidexterminator.com/locations/jersey-city-nj.html,,
RECLAIM PEST CONTROL INC,pest_control,FAR ROCKAWAY,(646) 209-9955,reclaimexterminating@gmail.com,https://reclaimpestcontrol.com/,,
RESCUE PEST CONTROL INC,pest_control,BROOKLYN,(800) 666-6766,carrier@rescue.com,http://www.rescue.com/,,
RESCUE PEST CONTROL INC,pest_control,BROOKLYN,(800) 666-6766,carrier@rescue.com,http://www.rescue.com/,,
RESCUE PEST CONTROL INC,pest_control,BROOKLYN,(800) 666-6766,carrier@rescue.com,http://www.rescue.com/,,
RIGHT LAWN CARE INC,pest_control,JAMAICA,(516) 734-5743,,http://www.rightlawncare.com/,Yes,http://www.rightlawncare.com
RITE A WAY PEST MANAGEMENT INC,pest_control,OZONE PARK,(718) 848-7378,info@riteawaypest.com,http://riteawaypest.com/,,
RITE-A-WAY PEST CONTROL INC,pest_control,OZONE PARK,(718) 848-7378,info@riteawaypest.com,http://riteawaypest.com/,,
RITE-A-WAY PEST CONTROL INC,pest_control,OZONE PARK,(718) 848-7378,info@riteawaypest.com,http://riteawaypest.com/,,
SAFARI PEST CONTROL CO INC,pest_control,LONG ISLAND CITY,(904) 726-9330,info@safaritermitepestcontrol.com,http://www.safaritermitepestcontrol.com/,,
SAFARI PEST CONTROL CO INC,pest_control,LONG ISLAND CITY,(904) 726-9330,info@safaritermitepestcontrol.com,http://www.safaritermitepestcontrol.com/,,
SAFARI PEST CONTROL CO INC,pest_control,LONG ISLAND CITY,(904) 726-9330,info@safaritermitepestcontrol.com,http://www.safaritermitepestcontrol.com/,,
SAFETY FIRST PEST CONTROL INC,pest_control,HOWARD BEACH,(917) 994-2800,,http://www.safetyfirstpestcontrol.com/,Yes,http://www.safetyfirstpestcontrol.com
SAFETY FIRST PEST CONTROL INC,pest_control,HOWARD BEACH,(917) 994-2800,,http://www.safetyfirstpestcontrol.com/,Yes,http://www.safetyfirstpestcontrol.com
SAFETY FIRST PEST CONTROL INC,pest_control,HOWARD BEACH,(917) 994-2800,,http://www.safetyfirstpestcontrol.com/,Yes,http://www.safetyfirstpestcontrol.com
SAFEWAY EXTERMINATING CORPORATION,pest_control,HOLLIS,(718) 220-1410,,http://www.aesafeway.com/,,
SAFEWAY EXTERMINATING CORPORATION,pest_control,HOLLIS,(718) 220-1410,,http://www.aesafeway.com/,,
SANI-TECH PEST INC,pest_control,BRONX,(718) 655-2118,,http://sanitechpest.com/,,
SANI-TECH PEST INC,pest_control,BRONX,(718) 655-2118,,http://sanitechpest.com/,,
SANI-TECH PEST INC,pest_control,BRONX,(718) 655-2118,,http://sanitechpest.com/,,
SCIENTIFIC PEST MANAGEMENT LLC,pest_control,LONG ISLAND CITY,(212) 400-2662,service@scientificpestmgmt.com,https://www.scientificpestmgmt.com/,,
SCIENTIFIC PEST MANAGEMENT LLC,pest_control,LONG ISLAND CITY,(212) 400-2662,service@scientificpestmgmt.com,https://www.scientificpestmgmt.com/,,
SKYLINE PEST CONTROL INC,pest_control,STATEN ISLAND,(646) 373-2319,cityskylineny@aol.com,http://cityskylinepestcontrol.com/,,
SKYLINE PEST CONTROL INC,pest_control,STATEN ISLAND,(646) 373-2319,cityskylineny@aol.com,http://cityskylinepestcontrol.com/,,
SMART ENVIRONMENTAL PEST CONTROL INC,pest_control,BROOKLYN,(646) 250-3535,smartpestcontrol.inc@gmail.com,https://www.smartpestandcleaning.com/,,
SMART ENVIRONMENTAL PEST CONTROL INC,pest_control,BROOKLYN,(646) 250-3535,smartpestcontrol.inc@gmail.com,https://www.smartpestandcleaning.com/,,
SPEEDY BEDBUG REMOVAL LLC,pest_control,NEW YORK,(929) 237-8444,,https://speedybedbugremoval.com/,,
STANDARD EXTERMINATING CO INC,pest_control,LONG ISLAND CITY,(718) 728-4040,,https://www.standardpest.com/,Yes,https://www.standardpest.com
STANDARD EXTERMINATING CO INC,pest_control,LONG ISLAND CITY,(718) 728-4040,,https://www.standardpest.com/,Yes,https://www.standardpest.com
STANDARD EXTERMINATING CO INC,pest_control,LONG ISLAND CITY,(718) 728-4040,,https://www.standardpest.com/,Yes,https://www.standardpest.com
STATEN ISLAND PEST CONTROL LLC,pest_control,STATEN ISLAND,(347) 934-2163,,https://statenislandpestmanagement.pro/,Yes,https://statenislandpestmanagement.pro
STATEN ISLAND PEST MANAGEMENT INC,pest_control,STATEN ISLAND,(347) 934-2163,,https://statenislandpestmanagement.pro/,Yes,https://statenislandpestmanagement.pro
STATEN ISLAND PEST MANAGEMENT INC,pest_control,STATEN ISLAND,(347) 934-2163,,https://statenislandpestmanagement.pro/,Yes,https://statenislandpestmanagement.pro
STATEN ISLAND PEST MANAGEMENT INC,pest_control,STATEN ISLAND,(347) 934-2163,,https://statenislandpestmanagement.pro/,Yes,https://statenislandpestmanagement.pro
SUPERIOR PEST ELIMINATION INC,pest_control,STATEN ISLAND,(718) 356-8482,,https://www.superiorpestelimination.com/,Yes,https://www.superiorpestelimination.com
SUPERIOR PEST ELIMINATION INC,pest_control,STATEN ISLAND,(718) 356-8482,,https://www.superiorpestelimination.com/,Yes,https://www.superiorpestelimination.com
SUPERIOR PEST ELIMINATION INC,pest_control,STATEN ISLAND,(718) 356-8482,,https://www.superiorpestelimination.com/,Yes,https://www.superiorpestelimination.com
SUPERIOR PEST ELIMINATION INC,pest_control,STATEN ISLAND,(718) 356-8482,,https://www.superiorpestelimination.com/,Yes,https://www.superiorpestelimination.com
SURE SHOT TERMITE & PEST CONTROL INC,pest_control,FLUSHING,(718) 359-7114,,http://www.sureshot.us/,,
SURE SHOT TERMITE & PEST CONTROL INC,pest_control,FLUSHING,(718) 359-7114,,http://www.sureshot.us/,,
SURE SHOT TERMITE & PEST CONTROL INC,pest_control,FLUSHING,(718) 359-7114,,http://www.sureshot.us/,,
THE ZONE PEST CONTROL INC,pest_control,MIDDLE VILLAGE,(718) 612-1405,thezonepestcontrol@yahoo.com,http://thezonepestcontrol.com/,,
THE ZONE PEST CONTROL INC,pest_control,MIDDLE VILLAGE,(718) 612-1405,thezonepestcontrol@yahoo.com,http://thezonepestcontrol.com/,,
TOP CLASS PEST CONTROL CORP,pest_control,BROOKLYN,(844) 454-7378,impallari@gmail.com,http://topclasspestcontrolcorp.com/,,
TOP CLASS PEST CONTROL CORP,pest_control,BROOKLYN,(844) 454-7378,impallari@gmail.com,http://topclasspestcontrolcorp.com/,,
TOP CLASS PEST CONTROL CORP,pest_control,BROOKLYN,(844) 454-7378,impallari@gmail.com,http://topclasspestcontrolcorp.com/,,
TOP NOTCH PEST CONTROL CORP,pest_control,BROOKLYN,(917) 540-9907,,https://www.topnotchpestcontrol.com/,Yes,https://www.topnotchpestcontrol.com
TOP NOTCH PEST CONTROL CORP,pest_control,BROOKLYN,(917) 540-9907,,https://www.topnotchpestcontrol.com/,Yes,https://www.topnotchpestcontrol.com
TOP NOTCH PEST CONTROL CORP,pest_control,BROOKLYN,(917) 540-9907,,https://www.topnotchpestcontrol.com/,Yes,https://www.topnotchpestcontrol.com
TOTAL PEST CONTROL LLC,pest_control,BROOKLYN,(646) 641-5423,info@totalextermination.com,https://totalextermination.com/?utm_source=organic&utm_medium=social&utm_campaign=1seo_gmb,,
TOTAL PEST CONTROL LLC,pest_control,BROOKLYN,(646) 641-5423,info@totalextermination.com,https://totalextermination.com/?utm_source=organic&utm_medium=social&utm_campaign=1seo_gmb,,
UNITED PEST CONTROL CO,pest_control,BAYSIDE,(718) 460-1486,example@email.com,https://www.dongkwangsodokunitedpestcontrol.com/,,
UNITED PEST CONTROL CO,pest_control,BAYSIDE,(718) 460-1486,example@email.com,https://www.dongkwangsodokunitedpestcontrol.com/,,
UNITED PEST CONTROL CO,pest_control,BAYSIDE,(718) 460-1486,example@email.com,https://www.dongkwangsodokunitedpestcontrol.com/,,
UNITED PEST CONTROL PRO CORP,pest_control,BAYSIDE,(718) 460-1486,example@email.com,https://www.dongkwangsodokunitedpestcontrol.com/,,
UNITED PEST SOLUTIONS INC,pest_control,STATEN ISLAND,(347) 517-7413,,https://www.unitedpests.com/,,
UPE INC,pest_control,STATEN ISLAND,(330) 659-9287,,https://www.upe-inc.com/,Yes,https://www.upe-inc.com/contact
UPE INC,pest_control,STATEN ISLAND,(330) 659-9287,,https://www.upe-inc.com/,Yes,https://www.upe-inc.com/contact
UPE INC,pest_control,STATEN ISLAND,(330) 659-9287,,https://www.upe-inc.com/,Yes,https://www.upe-inc.com/contact
UPTOWN PEST CONTROL LLC,pest_control,NEPONSIT,(347) 306-8711,info@uptownpestcontrolnyc.com,https://uptownpestcontrolnyc.com/,,
UPTOWN PEST CONTROL LLC,pest_control,NEPONSIT,(347) 306-8711,info@uptownpestcontrolnyc.com,https://uptownpestcontrolnyc.com/,,
US VERMINATORS INC,pest_control,BROOKLYN,(347) 459-5429,usverminators@aol.com,http://usverminators.com/,,
US VERMINATORS INC,pest_control,BROOKLYN,(347) 459-5429,usverminators@aol.com,http://usverminators.com/,,
US VERMINATORS INC,pest_control,BROOKLYN,(347) 459-5429,usverminators@aol.com,http://usverminators.com/,,
VALUED PEST CONTROL LLC,pest_control,NEW YORK,(917) 589-7310,patcorbett@valuedhomeinspectors.com,http://www.valuedhomeinspectors.com/,,
VALUED PEST CONTROL LLC,pest_control,NEW YORK,(917) 589-7310,patcorbett@valuedhomeinspectors.com,http://www.valuedhomeinspectors.com/,,
VENGEANCE & VALOR LLC,pest_control,NEW YORK,(212) 803-7170,info@valorcapitalgroup.com,http://valorcapitalgroup.com/contact/,,
VENGEANCE & VALOR LLC,pest_control,NEW YORK,(212) 803-7170,info@valorcapitalgroup.com,http://valorcapitalgroup.com/contact/,,
WHARTON EXTERMINATING SERVICES LLC,pest_control,SAINT ALBANS,(917) 970-9820,whartonex@gmail.com,https://whartonexterminating.com/?utm_campaign=gmb,,
WHARTON EXTERMINATING SERVICES LLC,pest_control,SAINT ALBANS,(917) 970-9820,whartonex@gmail.com,https://whartonexterminating.com/?utm_campaign=gmb,,
WHARTON EXTERMINATING SERVICES LLC,pest_control,SAINT ALBANS,(917) 970-9820,whartonex@gmail.com,https://whartonexterminating.com/?utm_campaign=gmb,,
WHAT'S BUGGING YOU PEST CONTROL INC,pest_control,SOUTH RICHMOND HILL,(586) 431-1127,info@whatsyourbug.com,https://www.whatsyourbug.com/,,
WHAT'S BUGGING YOU PEST CONTROL INC,pest_control,SOUTH RICHMOND HILL,(586) 431-1127,info@whatsyourbug.com,https://www.whatsyourbug.com/,,